,StudentNumber,DPS_HomeLg,CYI_Lat,CYI_Deg,Disability,GT_C,FRL_C,Sect504_C,SPED_C,t_grade,time_t,time_t1
0,405587,1.0,1.0,1.0,0.0,0.0,1.0,0.1,0.8,4,414,220
1,405587,1.0,1.0,1.0,0.0,0.0,1.0,0.1,0.8,5,220,260
2,405587,1.0,1.0,1.0,0.0,0.0,1.0,0.1,0.8,6,260,503
3,405587,1.0,1.0,1.0,0.0,0.0,1.0,0.1,0.8,7,503,537
4,405587,1.0,1.0,1.0,0.0,0.0,1.0,0.1,0.8,8,537,559
5,405587,1.0,1.0,1.0,0.0,0.0,1.0,0.1,0.8,9,559,597
6,417855,1.0,1.0,1.0,0.0,0.0,1.0,0.1,0.8,3,309,405
7,417855,1.0,1.0,1.0,0.0,0.0,1.0,0.1,0.8,4,405,487
8,417855,1.0,1.0,1.0,0.0,0.0,1.0,0.1,0.8,5,487,502
9,417855,1.0,1.0,1.0,0.0,0.0,1.0,0.1,0.8,6,502,300
10,417855,1.0,1.0,1.0,0.0,0.0,1.0,0.1,0.8,7,300,330
11,417855,1.0,1.0,1.0,0.0,0.0,1.0,0.1,0.8,8,330,544
12,417855,1.0,1.0,1.0,0.0,0.0,1.0,0.1,0.8,9,544,539
13,419934,1.0,1.0,1.0,0.0,0.0,1.0,0.090909091,0.818181818,4,373,439
14,419934,1.0,1.0,1.0,0.0,0.0,1.0,0.090909091,0.818181818,5,439,509
15,419934,1.0,1.0,1.0,0.0,0.0,1.0,0.090909091,0.818181818,6,509,496
16,419934,1.0,1.0,1.0,0.0,0.0,1.0,0.090909091,0.818181818,7,496,550
17,419934,1.0,1.0,1.0,0.0,0.0,1.0,0.090909091,0.818181818,8,550,586
18,419934,1.0,1.0,1.0,0.0,0.0,1.0,0.090909091,0.818181818,9,586,569
29,456273,1.0,1.0,0.0,0.0,0.0,0.727272727,0.090909091,0.818181818,4,443,514
30,456273,1.0,1.0,0.0,0.0,0.0,0.727272727,0.090909091,0.818181818,5,514,517
31,456273,1.0,1.0,0.0,0.0,0.0,0.727272727,0.090909091,0.818181818,6,517,531
32,456273,1.0,1.0,0.0,0.0,0.0,0.727272727,0.090909091,0.818181818,7,531,547
33,456273,1.0,1.0,0.0,0.0,0.0,0.727272727,0.090909091,0.818181818,8,547,586
34,456273,1.0,1.0,0.0,0.0,0.0,0.727272727,0.090909091,0.818181818,9,586,635
35,460442,1.0,1.0,1.0,0.0,0.727272727,0.0,0.181818182,0.545454545,3,569,649
36,460442,1.0,1.0,1.0,0.0,0.727272727,0.0,0.181818182,0.545454545,4,649,665
37,460442,1.0,1.0,1.0,0.0,0.727272727,0.0,0.181818182,0.545454545,5,665,688
38,460442,1.0,1.0,1.0,0.0,0.727272727,0.0,0.181818182,0.545454545,6,688,680
39,460442,1.0,1.0,1.0,0.0,0.727272727,0.0,0.181818182,0.545454545,7,680,699
40,460442,1.0,1.0,1.0,0.0,0.727272727,0.0,0.181818182,0.545454545,8,699,763
41,460442,1.0,1.0,1.0,0.0,0.727272727,0.0,0.181818182,0.545454545,9,763,788
42,462663,1.0,1.0,0.0,1.0,0.0,0.076923077,0.0,0.923076923,6,607,557
43,462663,1.0,1.0,0.0,1.0,0.0,0.076923077,0.0,0.923076923,9,615,593
44,466856,1.0,0.0,0.0,0.0,0.0,0.0,0.2,0.2,4,563,597
45,466856,1.0,0.0,0.0,0.0,0.0,0.0,0.2,0.2,5,597,593
46,466856,1.0,0.0,0.0,0.0,0.0,0.0,0.2,0.2,6,593,604
47,466856,1.0,0.0,0.0,0.0,0.0,0.0,0.2,0.2,7,604,607
48,466856,1.0,0.0,0.0,0.0,0.0,0.0,0.2,0.2,8,607,606
49,466856,1.0,0.0,0.0,0.0,0.0,0.0,0.2,0.2,9,606,662
50,469769,0.0,1.0,1.0,0.0,0.0,0.6,0.1,0.8,3,455,502
51,469769,0.0,1.0,1.0,0.0,0.0,0.6,0.1,0.8,4,502,538
52,469769,0.0,1.0,1.0,0.0,0.0,0.6,0.1,0.8,5,538,528
53,469769,0.0,1.0,1.0,0.0,0.0,0.6,0.1,0.8,6,528,530
54,469769,0.0,1.0,1.0,0.0,0.0,0.6,0.1,0.8,7,530,567
55,469769,0.0,1.0,1.0,0.0,0.0,0.6,0.1,0.8,8,567,589
56,469769,0.0,1.0,1.0,0.0,0.0,0.6,0.1,0.8,9,589,600
57,469887,1.0,1.0,1.0,0.0,0.0,0.0,0.090909091,0.818181818,3,461,503
58,469887,1.0,1.0,1.0,0.0,0.0,0.0,0.090909091,0.818181818,4,503,538
59,469887,1.0,1.0,1.0,0.0,0.0,0.0,0.090909091,0.818181818,5,538,559
60,469887,1.0,1.0,1.0,0.0,0.0,0.0,0.090909091,0.818181818,6,559,533
61,469887,1.0,1.0,1.0,0.0,0.0,0.0,0.090909091,0.818181818,7,533,566
62,469887,1.0,1.0,1.0,0.0,0.0,0.0,0.090909091,0.818181818,8,566,616
63,469887,1.0,1.0,1.0,0.0,0.0,0.0,0.090909091,0.818181818,9,616,638
64,469967,0.0,1.0,1.0,0.0,0.0,1.0,0.0,1.0,7,497,494
65,469967,0.0,1.0,1.0,0.0,0.0,1.0,0.0,1.0,8,494,566
66,469967,0.0,1.0,1.0,0.0,0.0,1.0,0.0,1.0,9,566,573
67,470289,1.0,1.0,1.0,0.0,0.0,0.0,0.0,1.0,5,593,634
68,470289,1.0,1.0,1.0,0.0,0.0,0.0,0.0,1.0,6,634,647
69,470289,1.0,1.0,1.0,0.0,0.0,0.0,0.0,1.0,7,647,643
70,470289,1.0,1.0,1.0,0.0,0.0,0.0,0.0,1.0,8,643,661
71,470289,1.0,1.0,1.0,0.0,0.0,0.0,0.0,1.0,9,661,705
77,471318,1.0,1.0,0.0,0.0,0.0,1.0,0.1,0.8,3,461,505
78,471318,1.0,1.0,0.0,0.0,0.0,1.0,0.1,0.8,4,505,506
79,471318,1.0,1.0,0.0,0.0,0.0,1.0,0.1,0.8,5,506,498
80,471318,1.0,1.0,0.0,0.0,0.0,1.0,0.1,0.8,6,498,584
81,471318,1.0,1.0,0.0,0.0,0.0,1.0,0.1,0.8,7,584,579
82,471318,1.0,1.0,0.0,0.0,0.0,1.0,0.1,0.8,8,579,574
83,471318,1.0,1.0,0.0,0.0,0.0,1.0,0.1,0.8,9,574,571
97,473977,1.0,0.0,0.0,0.0,0.0,1.0,0.1,0.8,3,590,579
98,473977,1.0,0.0,0.0,0.0,0.0,1.0,0.1,0.8,4,579,608
99,473977,1.0,0.0,0.0,0.0,0.0,1.0,0.1,0.8,5,608,610
100,473977,1.0,0.0,0.0,0.0,0.0,1.0,0.1,0.8,6,610,589
101,473977,1.0,0.0,0.0,0.0,0.0,1.0,0.1,0.8,7,589,617
102,473977,1.0,0.0,0.0,0.0,0.0,1.0,0.1,0.8,8,617,630
110,475141,1.0,1.0,0.0,0.0,0.0,0.333333333,0.083333333,0.75,3,519,485
111,475141,1.0,1.0,0.0,0.0,0.0,0.333333333,0.083333333,0.75,4,485,542
112,475141,1.0,1.0,0.0,0.0,0.0,0.333333333,0.083333333,0.75,5,542,484
113,475141,1.0,1.0,0.0,0.0,0.0,0.333333333,0.083333333,0.75,6,484,536
114,475141,1.0,1.0,0.0,0.0,0.0,0.333333333,0.083333333,0.75,7,536,507
115,475865,1.0,1.0,0.0,0.0,0.0,1.0,0.1,0.7,3,496,527
116,475865,1.0,1.0,0.0,0.0,0.0,1.0,0.1,0.7,4,527,588
117,475865,1.0,1.0,0.0,0.0,0.0,1.0,0.1,0.7,5,588,574
118,475865,1.0,1.0,0.0,0.0,0.0,1.0,0.1,0.7,6,574,597
119,475865,1.0,1.0,0.0,0.0,0.0,1.0,0.1,0.7,7,597,610
120,475865,1.0,1.0,0.0,0.0,0.0,1.0,0.1,0.7,8,610,618
121,475865,1.0,1.0,0.0,0.0,0.0,1.0,0.1,0.7,9,618,649
123,476161,0.0,1.0,1.0,0.0,0.0,1.0,0.090909091,0.818181818,3,426,503
124,476161,0.0,1.0,1.0,0.0,0.0,1.0,0.090909091,0.818181818,4,503,520
125,476161,0.0,1.0,1.0,0.0,0.0,1.0,0.090909091,0.818181818,5,520,514
126,476161,0.0,1.0,1.0,0.0,0.0,1.0,0.090909091,0.818181818,6,514,536
127,476161,0.0,1.0,1.0,0.0,0.0,1.0,0.090909091,0.818181818,7,536,566
128,476161,0.0,1.0,1.0,0.0,0.0,1.0,0.090909091,0.818181818,8,566,587
129,476161,0.0,1.0,1.0,0.0,0.0,1.0,0.090909091,0.818181818,9,587,625
130,476398,1.0,1.0,0.0,1.0,0.0,0.9,0.1,0.8,3,604,582
131,476398,1.0,1.0,0.0,1.0,0.0,0.9,0.1,0.8,4,582,593
132,476398,1.0,1.0,0.0,1.0,0.0,0.9,0.1,0.8,5,593,613
133,476398,1.0,1.0,0.0,1.0,0.0,0.9,0.1,0.8,6,613,660
134,476398,1.0,1.0,0.0,1.0,0.0,0.9,0.1,0.8,7,660,636
135,476398,1.0,1.0,0.0,1.0,0.0,0.9,0.1,0.8,8,636,679
136,476398,1.0,1.0,0.0,1.0,0.0,0.9,0.1,0.8,9,679,651
137,477364,1.0,0.0,0.0,1.0,0.0,0.235294118,0.05882352900000001,0.882352941,3,385,492
138,477364,1.0,0.0,0.0,1.0,0.0,0.235294118,0.05882352900000001,0.882352941,4,492,429
139,477364,1.0,0.0,0.0,1.0,0.0,0.235294118,0.05882352900000001,0.882352941,5,429,497
140,477364,1.0,0.0,0.0,1.0,0.0,0.235294118,0.05882352900000001,0.882352941,6,497,486
141,477364,1.0,0.0,0.0,1.0,0.0,0.235294118,0.05882352900000001,0.882352941,7,486,524
142,477364,1.0,0.0,0.0,1.0,0.0,0.235294118,0.05882352900000001,0.882352941,8,524,587
143,478372,1.0,1.0,0.0,0.0,0.75,0.0,0.333333333,0.583333333,3,549,633
144,478372,1.0,1.0,0.0,0.0,0.75,0.0,0.333333333,0.583333333,4,633,667
145,478372,1.0,1.0,0.0,0.0,0.75,0.0,0.333333333,0.583333333,5,667,671
146,478372,1.0,1.0,0.0,0.0,0.75,0.0,0.333333333,0.583333333,6,671,718
147,478372,1.0,1.0,0.0,0.0,0.75,0.0,0.333333333,0.583333333,7,718,738
148,478372,1.0,1.0,0.0,0.0,0.75,0.0,0.333333333,0.583333333,8,738,727
149,478372,1.0,1.0,0.0,0.0,0.75,0.0,0.333333333,0.583333333,9,727,740
159,481274,1.0,0.0,0.0,0.0,0.0,1.0,0.090909091,0.818181818,3,379,432
160,481274,1.0,0.0,0.0,0.0,0.0,1.0,0.090909091,0.818181818,4,432,462
161,481274,1.0,0.0,0.0,0.0,0.0,1.0,0.090909091,0.818181818,5,462,400
162,481274,1.0,0.0,0.0,0.0,0.0,1.0,0.090909091,0.818181818,6,400,300
163,481274,1.0,0.0,0.0,0.0,0.0,1.0,0.090909091,0.818181818,7,300,520
164,481274,1.0,0.0,0.0,0.0,0.0,1.0,0.090909091,0.818181818,8,520,539
165,481274,1.0,0.0,0.0,0.0,0.0,1.0,0.090909091,0.818181818,9,539,536
166,481641,0.0,1.0,0.0,0.0,0.0,1.0,0.090909091,0.818181818,3,418,411
167,481641,0.0,1.0,0.0,0.0,0.0,1.0,0.090909091,0.818181818,4,411,474
168,481641,0.0,1.0,0.0,0.0,0.0,1.0,0.090909091,0.818181818,5,474,543
169,481641,0.0,1.0,0.0,0.0,0.0,1.0,0.090909091,0.818181818,6,543,520
170,481641,0.0,1.0,0.0,0.0,0.0,1.0,0.090909091,0.818181818,7,520,562
171,481641,0.0,1.0,0.0,0.0,0.0,1.0,0.090909091,0.818181818,8,562,595
172,481641,0.0,1.0,0.0,0.0,0.0,1.0,0.090909091,0.818181818,9,595,616
173,481686,1.0,1.0,1.0,0.0,0.0,1.0,0.083333333,0.833333333,3,482,503
174,481686,1.0,1.0,1.0,0.0,0.0,1.0,0.083333333,0.833333333,4,503,530
175,481686,1.0,1.0,1.0,0.0,0.0,1.0,0.083333333,0.833333333,5,530,466
176,481686,1.0,1.0,1.0,0.0,0.0,1.0,0.083333333,0.833333333,6,466,534
177,481686,1.0,1.0,1.0,0.0,0.0,1.0,0.083333333,0.833333333,7,534,593
178,481686,1.0,1.0,1.0,0.0,0.0,1.0,0.083333333,0.833333333,8,593,583
179,481686,1.0,1.0,1.0,0.0,0.0,1.0,0.083333333,0.833333333,9,583,649
180,481857,0.0,1.0,1.0,0.0,0.636363636,0.727272727,0.090909091,0.818181818,3,602,608
181,481857,0.0,1.0,1.0,0.0,0.636363636,0.727272727,0.090909091,0.818181818,4,608,623
182,481857,0.0,1.0,1.0,0.0,0.636363636,0.727272727,0.090909091,0.818181818,5,623,648
183,481857,0.0,1.0,1.0,0.0,0.636363636,0.727272727,0.090909091,0.818181818,6,648,617
184,481857,0.0,1.0,1.0,0.0,0.636363636,0.727272727,0.090909091,0.818181818,7,617,640
185,481857,0.0,1.0,1.0,0.0,0.636363636,0.727272727,0.090909091,0.818181818,8,640,656
186,481857,0.0,1.0,1.0,0.0,0.636363636,0.727272727,0.090909091,0.818181818,9,656,681
187,483088,1.0,0.0,0.0,0.0,0.0,0.916666667,0.666666667,0.166666667,3,605,617
188,483088,1.0,0.0,0.0,0.0,0.0,0.916666667,0.666666667,0.166666667,4,617,653
189,483088,1.0,0.0,0.0,0.0,0.0,0.916666667,0.666666667,0.166666667,5,653,612
190,483088,1.0,0.0,0.0,0.0,0.0,0.916666667,0.666666667,0.166666667,6,612,660
191,483088,1.0,0.0,0.0,0.0,0.0,0.916666667,0.666666667,0.166666667,7,660,715
192,483088,1.0,0.0,0.0,0.0,0.0,0.916666667,0.666666667,0.166666667,8,715,698
193,483088,1.0,0.0,0.0,0.0,0.0,0.916666667,0.666666667,0.166666667,9,698,723
201,484052,1.0,1.0,0.0,0.0,0.0,0.9,0.1,0.0,3,448,496
202,484052,1.0,1.0,0.0,0.0,0.0,0.9,0.1,0.0,4,496,516
203,484052,1.0,1.0,0.0,0.0,0.0,0.9,0.1,0.0,5,516,402
204,484052,1.0,1.0,0.0,0.0,0.0,0.9,0.1,0.0,6,402,385
205,484052,1.0,1.0,0.0,0.0,0.0,0.9,0.1,0.0,7,385,510
206,484052,1.0,1.0,0.0,0.0,0.0,0.9,0.1,0.0,8,510,602
207,485789,1.0,0.0,0.0,1.0,0.0,1.0,0.1,0.8,3,454,507
208,485789,1.0,0.0,0.0,1.0,0.0,1.0,0.1,0.8,4,507,524
209,485789,1.0,0.0,0.0,1.0,0.0,1.0,0.1,0.8,5,524,487
210,485789,1.0,0.0,0.0,1.0,0.0,1.0,0.1,0.8,6,487,300
211,485789,1.0,0.0,0.0,1.0,0.0,1.0,0.1,0.8,7,300,434
212,485789,1.0,0.0,0.0,1.0,0.0,1.0,0.1,0.8,8,434,643
213,485868,1.0,0.0,0.0,0.0,0.0,1.0,0.125,0.0,3,514,553
214,485868,1.0,0.0,0.0,0.0,0.0,1.0,0.125,0.0,4,553,594
215,485868,1.0,0.0,0.0,0.0,0.0,1.0,0.125,0.0,5,594,561
216,485868,1.0,0.0,0.0,0.0,0.0,1.0,0.125,0.0,6,561,613
217,485868,1.0,0.0,0.0,0.0,0.0,1.0,0.125,0.0,7,613,597
218,486367,1.0,1.0,0.0,0.0,0.0,0.909090909,0.090909091,0.818181818,3,471,535
219,486367,1.0,1.0,0.0,0.0,0.0,0.909090909,0.090909091,0.818181818,4,535,480
220,486367,1.0,1.0,0.0,0.0,0.0,0.909090909,0.090909091,0.818181818,5,480,529
221,486367,1.0,1.0,0.0,0.0,0.0,0.909090909,0.090909091,0.818181818,9,632,638
222,487350,1.0,0.0,0.0,1.0,0.692307692,0.923076923,0.076923077,0.7692307690000001,3,502,522
223,487350,1.0,0.0,0.0,1.0,0.692307692,0.923076923,0.076923077,0.7692307690000001,4,522,554
224,487350,1.0,0.0,0.0,1.0,0.692307692,0.923076923,0.076923077,0.7692307690000001,5,554,591
225,487350,1.0,0.0,0.0,1.0,0.692307692,0.923076923,0.076923077,0.7692307690000001,6,591,602
226,487350,1.0,0.0,0.0,1.0,0.692307692,0.923076923,0.076923077,0.7692307690000001,7,602,616
227,489341,1.0,1.0,0.0,1.0,0.7692307690000001,0.076923077,0.076923077,0.692307692,3,615,604
228,489341,1.0,1.0,0.0,1.0,0.7692307690000001,0.076923077,0.076923077,0.692307692,4,604,647
229,489341,1.0,1.0,0.0,1.0,0.7692307690000001,0.076923077,0.076923077,0.692307692,5,647,609
230,489341,1.0,1.0,0.0,1.0,0.7692307690000001,0.076923077,0.076923077,0.692307692,6,609,607
231,489341,1.0,1.0,0.0,1.0,0.7692307690000001,0.076923077,0.076923077,0.692307692,7,607,671
232,489824,1.0,0.0,0.0,0.0,0.0,0.4,0.2,0.6,8,542,585
233,489824,1.0,0.0,0.0,0.0,0.0,0.4,0.2,0.6,9,585,613
234,490319,1.0,0.0,0.0,0.0,0.0,1.0,0.111111111,0.222222222,3,495,556
235,490319,1.0,0.0,0.0,0.0,0.0,1.0,0.111111111,0.222222222,4,556,544
236,490319,1.0,0.0,0.0,0.0,0.0,1.0,0.111111111,0.222222222,5,544,511
237,490319,1.0,0.0,0.0,0.0,0.0,1.0,0.111111111,0.222222222,9,644,662
258,498005,0.0,1.0,1.0,0.0,0.0,1.0,0.090909091,0.727272727,3,461,394
259,498005,0.0,1.0,1.0,0.0,0.0,1.0,0.090909091,0.727272727,4,394,452
260,498005,0.0,1.0,1.0,0.0,0.0,1.0,0.090909091,0.727272727,5,452,500
261,498005,0.0,1.0,1.0,0.0,0.0,1.0,0.090909091,0.727272727,6,500,546
262,498005,0.0,1.0,1.0,0.0,0.0,1.0,0.090909091,0.727272727,7,546,560
263,498005,0.0,1.0,1.0,0.0,0.0,1.0,0.090909091,0.727272727,8,560,569
264,498005,0.0,1.0,1.0,0.0,0.0,1.0,0.090909091,0.727272727,9,569,588
265,501172,0.0,1.0,0.0,1.0,0.0,0.923076923,0.076923077,0.923076923,3,325,180
266,501172,0.0,1.0,0.0,1.0,0.0,0.923076923,0.076923077,0.923076923,4,180,282
267,501172,0.0,1.0,0.0,1.0,0.0,0.923076923,0.076923077,0.923076923,5,282,424
268,501172,0.0,1.0,0.0,1.0,0.0,0.923076923,0.076923077,0.923076923,6,424,300
269,501654,1.0,0.0,0.0,0.0,0.0,0.928571429,0.071428571,0.428571429,3,509,554
270,501654,1.0,0.0,0.0,0.0,0.0,0.928571429,0.071428571,0.428571429,4,554,538
271,501654,1.0,0.0,0.0,0.0,0.0,0.928571429,0.071428571,0.428571429,5,538,570
272,501654,1.0,0.0,0.0,0.0,0.0,0.928571429,0.071428571,0.428571429,6,570,554
273,501654,1.0,0.0,0.0,0.0,0.0,0.928571429,0.071428571,0.428571429,7,554,580
274,501654,1.0,0.0,0.0,0.0,0.0,0.928571429,0.071428571,0.428571429,8,580,604
275,501654,1.0,0.0,0.0,0.0,0.0,0.928571429,0.071428571,0.428571429,9,604,626
276,502526,1.0,1.0,0.0,0.0,0.0,0.0,0.05882352900000001,0.882352941,3,307,394
277,502526,1.0,1.0,0.0,0.0,0.0,0.0,0.05882352900000001,0.882352941,4,394,454
278,502526,1.0,1.0,0.0,0.0,0.0,0.0,0.05882352900000001,0.882352941,5,454,495
279,502526,1.0,1.0,0.0,0.0,0.0,0.0,0.05882352900000001,0.882352941,6,495,542
280,502526,1.0,1.0,0.0,0.0,0.0,0.0,0.05882352900000001,0.882352941,7,542,502
281,502526,1.0,1.0,0.0,0.0,0.0,0.0,0.05882352900000001,0.882352941,8,502,564
282,503773,1.0,1.0,0.0,0.0,0.0,0.28571428600000004,0.071428571,0.642857143,3,503,526
283,503773,1.0,1.0,0.0,0.0,0.0,0.28571428600000004,0.071428571,0.642857143,4,526,571
284,503773,1.0,1.0,0.0,0.0,0.0,0.28571428600000004,0.071428571,0.642857143,5,571,619
285,503773,1.0,1.0,0.0,0.0,0.0,0.28571428600000004,0.071428571,0.642857143,6,619,597
286,503773,1.0,1.0,0.0,0.0,0.0,0.28571428600000004,0.071428571,0.642857143,7,597,670
287,503773,1.0,1.0,0.0,0.0,0.0,0.28571428600000004,0.071428571,0.642857143,8,670,645
288,503773,1.0,1.0,0.0,0.0,0.0,0.28571428600000004,0.071428571,0.642857143,9,645,665
289,504957,1.0,0.0,0.0,0.0,0.0,0.0,0.4166666670000001,0.333333333,3,589,585
290,504957,1.0,0.0,0.0,0.0,0.0,0.0,0.4166666670000001,0.333333333,4,585,618
291,504957,1.0,0.0,0.0,0.0,0.0,0.0,0.4166666670000001,0.333333333,5,618,652
292,504957,1.0,0.0,0.0,0.0,0.0,0.0,0.4166666670000001,0.333333333,6,652,639
293,504957,1.0,0.0,0.0,0.0,0.0,0.0,0.4166666670000001,0.333333333,7,639,691
294,504957,1.0,0.0,0.0,0.0,0.0,0.0,0.4166666670000001,0.333333333,8,691,674
295,504957,1.0,0.0,0.0,0.0,0.0,0.0,0.4166666670000001,0.333333333,9,674,701
296,552027,1.0,0.0,0.0,1.0,0.0,0.8,0.0,0.8,8,486,561
297,552720,0.0,1.0,1.0,0.0,0.0,1.0,0.0,1.0,5,388,432
298,552720,0.0,1.0,1.0,0.0,0.0,1.0,0.0,1.0,6,432,389
299,552720,0.0,1.0,1.0,0.0,0.0,1.0,0.0,1.0,7,389,459
300,552720,0.0,1.0,1.0,0.0,0.0,1.0,0.0,1.0,8,459,350
301,554066,1.0,1.0,1.0,0.0,0.0,0.666666667,0.111111111,0.7777777779999999,3,568,595
302,554066,1.0,1.0,1.0,0.0,0.0,0.666666667,0.111111111,0.7777777779999999,4,595,621
303,554066,1.0,1.0,1.0,0.0,0.0,0.666666667,0.111111111,0.7777777779999999,5,621,601
304,554066,1.0,1.0,1.0,0.0,0.0,0.666666667,0.111111111,0.7777777779999999,6,601,568
305,554066,1.0,1.0,1.0,0.0,0.0,0.666666667,0.111111111,0.7777777779999999,7,568,633
306,554066,1.0,1.0,1.0,0.0,0.0,0.666666667,0.111111111,0.7777777779999999,8,633,648
307,554066,1.0,1.0,1.0,0.0,0.0,0.666666667,0.111111111,0.7777777779999999,9,648,694
315,561762,1.0,0.0,0.0,0.0,0.0,0.75,0.125,0.625,5,530,494
316,561762,1.0,0.0,0.0,0.0,0.0,0.75,0.125,0.625,6,494,556
317,561762,1.0,0.0,0.0,0.0,0.0,0.75,0.125,0.625,7,556,590
318,561762,1.0,0.0,0.0,0.0,0.0,0.75,0.125,0.625,8,590,567
319,561762,1.0,0.0,0.0,0.0,0.0,0.75,0.125,0.625,9,567,578
322,563791,0.0,0.0,0.0,0.0,0.0,1.0,0.071428571,0.928571429,3,417,423
323,563791,0.0,0.0,0.0,0.0,0.0,1.0,0.071428571,0.928571429,4,423,482
324,563791,0.0,0.0,0.0,0.0,0.0,1.0,0.071428571,0.928571429,5,482,564
325,563791,0.0,0.0,0.0,0.0,0.0,1.0,0.071428571,0.928571429,6,564,546
326,563791,0.0,0.0,0.0,0.0,0.0,1.0,0.071428571,0.928571429,7,546,621
327,563791,0.0,0.0,0.0,0.0,0.0,1.0,0.071428571,0.928571429,8,621,640
328,563791,0.0,0.0,0.0,0.0,0.0,1.0,0.071428571,0.928571429,9,640,657
329,564686,1.0,1.0,0.0,0.0,0.0,0.818181818,0.090909091,0.909090909,3,266,399
330,564686,1.0,1.0,0.0,0.0,0.0,0.818181818,0.090909091,0.909090909,4,399,381
331,564686,1.0,1.0,0.0,0.0,0.0,0.818181818,0.090909091,0.909090909,5,381,511
332,564686,1.0,1.0,0.0,0.0,0.0,0.818181818,0.090909091,0.909090909,6,511,538
333,564686,1.0,1.0,0.0,0.0,0.0,0.818181818,0.090909091,0.909090909,7,538,547
334,564759,0.0,1.0,1.0,0.0,0.0,0.933333333,0.066666667,0.8666666670000001,3,385,426
335,564759,0.0,1.0,1.0,0.0,0.0,0.933333333,0.066666667,0.8666666670000001,4,426,402
336,564759,0.0,1.0,1.0,0.0,0.0,0.933333333,0.066666667,0.8666666670000001,5,402,479
337,564759,0.0,1.0,1.0,0.0,0.0,0.933333333,0.066666667,0.8666666670000001,6,479,442
338,564759,0.0,1.0,1.0,0.0,0.0,0.933333333,0.066666667,0.8666666670000001,7,442,513
339,564759,0.0,1.0,1.0,0.0,0.0,0.933333333,0.066666667,0.8666666670000001,8,513,547
340,564759,0.0,1.0,1.0,0.0,0.0,0.933333333,0.066666667,0.8666666670000001,9,547,542
341,565702,1.0,0.0,0.0,0.0,0.846153846,0.0,0.076923077,0.846153846,3,605,625
342,565702,1.0,0.0,0.0,0.0,0.846153846,0.0,0.076923077,0.846153846,4,625,627
343,565702,1.0,0.0,0.0,0.0,0.846153846,0.0,0.076923077,0.846153846,5,627,643
344,565702,1.0,0.0,0.0,0.0,0.846153846,0.0,0.076923077,0.846153846,6,643,675
345,565702,1.0,0.0,0.0,0.0,0.846153846,0.0,0.076923077,0.846153846,7,675,649
346,565702,1.0,0.0,0.0,0.0,0.846153846,0.0,0.076923077,0.846153846,8,649,678
347,565702,1.0,0.0,0.0,0.0,0.846153846,0.0,0.076923077,0.846153846,9,678,720
351,566126,1.0,1.0,0.0,0.0,0.0,0.25,0.0625,0.875,3,515,479
352,566126,1.0,1.0,0.0,0.0,0.0,0.25,0.0625,0.875,4,479,528
353,566126,1.0,1.0,0.0,0.0,0.0,0.25,0.0625,0.875,5,528,497
354,566126,1.0,1.0,0.0,0.0,0.0,0.25,0.0625,0.875,6,497,535
355,566126,1.0,1.0,0.0,0.0,0.0,0.25,0.0625,0.875,7,535,547
356,566126,1.0,1.0,0.0,0.0,0.0,0.25,0.0625,0.875,8,547,596
357,566126,1.0,1.0,0.0,0.0,0.0,0.25,0.0625,0.875,9,596,614
365,567407,1.0,1.0,0.0,0.0,0.0,0.916666667,0.0,0.666666667,3,380,466
366,567407,1.0,1.0,0.0,0.0,0.0,0.916666667,0.0,0.666666667,4,466,483
367,567407,1.0,1.0,0.0,0.0,0.0,0.916666667,0.0,0.666666667,5,483,551
368,567407,1.0,1.0,0.0,0.0,0.0,0.916666667,0.0,0.666666667,6,551,546
369,567407,1.0,1.0,0.0,0.0,0.0,0.916666667,0.0,0.666666667,7,546,577
370,567407,1.0,1.0,0.0,0.0,0.0,0.916666667,0.0,0.666666667,8,577,604
371,567768,1.0,0.0,0.0,1.0,0.0,0.0,0.090909091,0.818181818,3,588,608
372,567768,1.0,0.0,0.0,1.0,0.0,0.0,0.090909091,0.818181818,4,608,666
373,567768,1.0,0.0,0.0,1.0,0.0,0.0,0.090909091,0.818181818,5,666,658
374,567768,1.0,0.0,0.0,1.0,0.0,0.0,0.090909091,0.818181818,6,658,674
375,567768,1.0,0.0,0.0,1.0,0.0,0.0,0.090909091,0.818181818,7,674,656
376,567768,1.0,0.0,0.0,1.0,0.0,0.0,0.090909091,0.818181818,8,656,705
377,568680,1.0,1.0,1.0,0.0,0.0,0.928571429,0.071428571,0.857142857,3,398,477
378,568680,1.0,1.0,1.0,0.0,0.0,0.928571429,0.071428571,0.857142857,4,477,453
379,568680,1.0,1.0,1.0,0.0,0.0,0.928571429,0.071428571,0.857142857,5,453,535
380,568680,1.0,1.0,1.0,0.0,0.0,0.928571429,0.071428571,0.857142857,6,535,556
381,568680,1.0,1.0,1.0,0.0,0.0,0.928571429,0.071428571,0.857142857,7,556,576
382,568680,1.0,1.0,1.0,0.0,0.0,0.928571429,0.071428571,0.857142857,8,576,588
383,568680,1.0,1.0,1.0,0.0,0.0,0.928571429,0.071428571,0.857142857,9,588,606
384,569304,1.0,1.0,1.0,1.0,0.0,0.0,0.083333333,0.833333333,3,558,553
385,569304,1.0,1.0,1.0,1.0,0.0,0.0,0.083333333,0.833333333,4,553,574
386,569304,1.0,1.0,1.0,1.0,0.0,0.0,0.083333333,0.833333333,5,574,578
387,569304,1.0,1.0,1.0,1.0,0.0,0.0,0.083333333,0.833333333,6,578,620
388,570334,1.0,1.0,0.0,0.0,0.0,0.0,0.181818182,0.727272727,3,531,590
389,570334,1.0,1.0,0.0,0.0,0.0,0.0,0.181818182,0.727272727,4,590,659
390,570334,1.0,1.0,0.0,0.0,0.0,0.0,0.181818182,0.727272727,9,716,741
391,570597,1.0,1.0,1.0,0.0,0.0,0.0,0.0,1.0,3,565,606
392,570597,1.0,1.0,1.0,0.0,0.0,0.0,0.0,1.0,4,606,632
400,573534,1.0,1.0,0.0,0.0,0.0,0.0,0.125,0.875,9,700,761
409,576357,1.0,0.0,0.0,0.0,0.0,0.2,0.066666667,0.8666666670000001,3,347,180
410,576357,1.0,0.0,0.0,0.0,0.0,0.2,0.066666667,0.8666666670000001,4,180,220
411,576357,1.0,0.0,0.0,0.0,0.0,0.2,0.066666667,0.8666666670000001,5,220,340
412,576357,1.0,0.0,0.0,0.0,0.0,0.2,0.066666667,0.8666666670000001,6,340,497
413,576357,1.0,0.0,0.0,0.0,0.0,0.2,0.066666667,0.8666666670000001,7,497,518
414,576357,1.0,0.0,0.0,0.0,0.0,0.2,0.066666667,0.8666666670000001,8,518,350
415,576357,1.0,0.0,0.0,0.0,0.0,0.2,0.066666667,0.8666666670000001,9,350,494
416,577316,1.0,0.0,0.0,0.0,0.0,0.818181818,0.545454545,0.272727273,7,584,605
417,577316,1.0,0.0,0.0,0.0,0.0,0.818181818,0.545454545,0.272727273,8,605,619
418,577316,1.0,0.0,0.0,0.0,0.0,0.818181818,0.545454545,0.272727273,9,619,633
419,577331,1.0,1.0,0.0,0.0,0.0,0.833333333,0.166666667,0.666666667,9,586,604
420,578540,1.0,0.0,0.0,0.0,0.0,1.0,0.7857142859999999,0.214285714,3,503,544
421,578540,1.0,0.0,0.0,0.0,0.0,1.0,0.7857142859999999,0.214285714,4,544,573
422,578540,1.0,0.0,0.0,0.0,0.0,1.0,0.7857142859999999,0.214285714,5,573,566
423,578540,1.0,0.0,0.0,0.0,0.0,1.0,0.7857142859999999,0.214285714,6,566,611
424,578540,1.0,0.0,0.0,0.0,0.0,1.0,0.7857142859999999,0.214285714,7,611,615
425,578540,1.0,0.0,0.0,0.0,0.0,1.0,0.7857142859999999,0.214285714,8,615,641
426,578540,1.0,0.0,0.0,0.0,0.0,1.0,0.7857142859999999,0.214285714,9,641,703
438,580923,1.0,1.0,0.0,0.0,0.0,0.571428571,0.071428571,0.928571429,3,513,568
439,580923,1.0,1.0,0.0,0.0,0.0,0.571428571,0.071428571,0.928571429,4,568,570
440,580923,1.0,1.0,0.0,0.0,0.0,0.571428571,0.071428571,0.928571429,5,570,602
441,580923,1.0,1.0,0.0,0.0,0.0,0.571428571,0.071428571,0.928571429,6,602,583
442,580923,1.0,1.0,0.0,0.0,0.0,0.571428571,0.071428571,0.928571429,7,583,590
443,580923,1.0,1.0,0.0,0.0,0.0,0.571428571,0.071428571,0.928571429,8,590,587
444,580923,1.0,1.0,0.0,0.0,0.0,0.571428571,0.071428571,0.928571429,9,587,614
445,581385,0.0,1.0,1.0,0.0,0.5,1.0,0.0,1.0,3,423,450
446,581385,0.0,1.0,1.0,0.0,0.5,1.0,0.0,1.0,4,450,486
447,581385,0.0,1.0,1.0,0.0,0.5,1.0,0.0,1.0,5,486,488
448,581385,0.0,1.0,1.0,0.0,0.5,1.0,0.0,1.0,6,488,516
449,581385,0.0,1.0,1.0,0.0,0.5,1.0,0.0,1.0,7,516,543
457,583932,1.0,1.0,0.0,0.0,1.0,0.0,0.4166666670000001,0.0,3,630,670
458,583932,1.0,1.0,0.0,0.0,1.0,0.0,0.4166666670000001,0.0,4,670,715
459,583932,1.0,1.0,0.0,0.0,1.0,0.0,0.4166666670000001,0.0,5,715,762
460,583932,1.0,1.0,0.0,0.0,1.0,0.0,0.4166666670000001,0.0,6,762,709
461,583932,1.0,1.0,0.0,0.0,1.0,0.0,0.4166666670000001,0.0,7,709,785
462,583932,1.0,1.0,0.0,0.0,1.0,0.0,0.4166666670000001,0.0,8,785,776
463,583932,1.0,1.0,0.0,0.0,1.0,0.0,0.4166666670000001,0.0,9,776,766
464,584471,1.0,1.0,1.0,0.0,0.0,0.0,0.090909091,0.909090909,3,461,542
465,584471,1.0,1.0,1.0,0.0,0.0,0.0,0.090909091,0.909090909,4,542,552
466,584471,1.0,1.0,1.0,0.0,0.0,0.0,0.090909091,0.909090909,5,552,555
467,584471,1.0,1.0,1.0,0.0,0.0,0.0,0.090909091,0.909090909,6,555,592
468,584471,1.0,1.0,1.0,0.0,0.0,0.0,0.090909091,0.909090909,7,592,587
469,584624,1.0,1.0,1.0,0.0,0.0,0.571428571,0.0,0.928571429,3,459,539
470,584624,1.0,1.0,1.0,0.0,0.0,0.571428571,0.0,0.928571429,4,539,575
471,584624,1.0,1.0,1.0,0.0,0.0,0.571428571,0.0,0.928571429,5,575,583
472,584624,1.0,1.0,1.0,0.0,0.0,0.571428571,0.0,0.928571429,6,583,674
473,584624,1.0,1.0,1.0,0.0,0.0,0.571428571,0.0,0.928571429,7,674,625
474,585956,0.0,1.0,0.0,1.0,0.0,0.923076923,0.076923077,0.923076923,5,220,260
475,585956,0.0,1.0,0.0,1.0,0.0,0.923076923,0.076923077,0.923076923,6,260,300
476,586201,1.0,1.0,1.0,0.0,0.0,0.466666667,0.2,0.8,3,534,610
477,586201,1.0,1.0,1.0,0.0,0.0,0.466666667,0.2,0.8,4,610,594
478,586201,1.0,1.0,1.0,0.0,0.0,0.466666667,0.2,0.8,5,594,615
479,586201,1.0,1.0,1.0,0.0,0.0,0.466666667,0.2,0.8,6,615,617
480,586201,1.0,1.0,1.0,0.0,0.0,0.466666667,0.2,0.8,7,617,651
481,586201,1.0,1.0,1.0,0.0,0.0,0.466666667,0.2,0.8,8,651,670
482,586201,1.0,1.0,1.0,0.0,0.0,0.466666667,0.2,0.8,9,670,740
483,586660,1.0,1.0,1.0,0.0,0.0,0.666666667,0.0,1.0,3,436,403
484,586660,1.0,1.0,1.0,0.0,0.0,0.666666667,0.0,1.0,4,403,480
485,586660,1.0,1.0,1.0,0.0,0.0,0.666666667,0.0,1.0,5,480,481
486,586660,1.0,1.0,1.0,0.0,0.0,0.666666667,0.0,1.0,6,481,420
487,586660,1.0,1.0,1.0,0.0,0.0,0.666666667,0.0,1.0,7,420,509
488,586660,1.0,1.0,1.0,0.0,0.0,0.666666667,0.0,1.0,8,509,569
489,587846,1.0,1.0,1.0,0.0,0.0,0.0,0.0,1.0,3,520,540
490,587846,1.0,1.0,1.0,0.0,0.0,0.0,0.0,1.0,4,540,546
491,587846,1.0,1.0,1.0,0.0,0.0,0.0,0.0,1.0,5,546,580
492,587846,1.0,1.0,1.0,0.0,0.0,0.0,0.0,1.0,6,580,597
493,587846,1.0,1.0,1.0,0.0,0.0,0.0,0.0,1.0,7,597,604
494,587846,1.0,1.0,1.0,0.0,0.0,0.0,0.0,1.0,8,604,641
495,590331,1.0,1.0,0.0,0.0,0.615384615,0.923076923,0.076923077,0.307692308,3,555,561
496,590331,1.0,1.0,0.0,0.0,0.615384615,0.923076923,0.076923077,0.307692308,4,561,594
497,590331,1.0,1.0,0.0,0.0,0.615384615,0.923076923,0.076923077,0.307692308,5,594,606
498,590331,1.0,1.0,0.0,0.0,0.615384615,0.923076923,0.076923077,0.307692308,9,613,629
499,591621,1.0,1.0,0.0,0.0,0.0,0.0,0.28571428600000004,0.428571429,3,511,613
500,591621,1.0,1.0,0.0,0.0,0.0,0.0,0.28571428600000004,0.428571429,4,613,593
501,591621,1.0,1.0,0.0,0.0,0.0,0.0,0.28571428600000004,0.428571429,5,593,624
502,591621,1.0,1.0,0.0,0.0,0.0,0.0,0.28571428600000004,0.428571429,6,624,655
503,591621,1.0,1.0,0.0,0.0,0.0,0.0,0.28571428600000004,0.428571429,7,655,680
504,591621,1.0,1.0,0.0,0.0,0.0,0.0,0.28571428600000004,0.428571429,8,680,676
505,591621,1.0,1.0,0.0,0.0,0.0,0.0,0.28571428600000004,0.428571429,9,676,685
506,591909,0.0,1.0,0.0,0.0,0.0,1.0,0.0625,0.9375,5,407,441
507,591909,0.0,1.0,0.0,0.0,0.0,1.0,0.0625,0.9375,6,441,444
508,591909,0.0,1.0,0.0,0.0,0.0,1.0,0.0625,0.9375,7,444,416
509,591909,0.0,1.0,0.0,0.0,0.0,1.0,0.0625,0.9375,8,416,350
510,591909,0.0,1.0,0.0,0.0,0.0,1.0,0.0625,0.9375,9,350,493
511,592162,0.0,1.0,0.0,0.0,0.0,0.7857142859999999,0.071428571,0.928571429,3,408,473
512,592162,0.0,1.0,0.0,0.0,0.0,0.7857142859999999,0.071428571,0.928571429,4,473,461
513,592162,0.0,1.0,0.0,0.0,0.0,0.7857142859999999,0.071428571,0.928571429,5,461,495
514,592162,0.0,1.0,0.0,0.0,0.0,0.7857142859999999,0.071428571,0.928571429,6,495,531
515,592162,0.0,1.0,0.0,0.0,0.0,0.7857142859999999,0.071428571,0.928571429,7,531,534
516,592162,0.0,1.0,0.0,0.0,0.0,0.7857142859999999,0.071428571,0.928571429,8,534,594
517,592162,0.0,1.0,0.0,0.0,0.0,0.7857142859999999,0.071428571,0.928571429,9,594,578
520,592834,1.0,1.0,0.0,0.0,0.0,0.818181818,0.363636364,0.0,3,469,525
521,592834,1.0,1.0,0.0,0.0,0.0,0.818181818,0.363636364,0.0,4,525,547
522,592834,1.0,1.0,0.0,0.0,0.0,0.818181818,0.363636364,0.0,5,547,542
523,592834,1.0,1.0,0.0,0.0,0.0,0.818181818,0.363636364,0.0,6,542,610
524,592834,1.0,1.0,0.0,0.0,0.0,0.818181818,0.363636364,0.0,7,610,613
525,592834,1.0,1.0,0.0,0.0,0.0,0.818181818,0.363636364,0.0,8,613,583
526,592834,1.0,1.0,0.0,0.0,0.0,0.818181818,0.363636364,0.0,9,583,628
533,594517,1.0,1.0,0.0,0.0,0.0,0.2,0.6,0.6,5,556,521
534,594647,0.0,0.0,0.0,0.0,0.0,0.8888888890000001,0.8888888890000001,0.0,4,508,445
535,594647,0.0,0.0,0.0,0.0,0.0,0.8888888890000001,0.8888888890000001,0.0,5,445,509
536,594647,0.0,0.0,0.0,0.0,0.0,0.8888888890000001,0.8888888890000001,0.0,6,509,525
537,594647,0.0,0.0,0.0,0.0,0.0,0.8888888890000001,0.8888888890000001,0.0,7,525,577
554,601053,0.0,1.0,1.0,0.0,0.0,1.0,0.0,1.0,3,397,457
555,601053,0.0,1.0,1.0,0.0,0.0,1.0,0.0,1.0,4,457,220
556,601053,0.0,1.0,1.0,0.0,0.0,1.0,0.0,1.0,5,220,452
557,601053,0.0,1.0,1.0,0.0,0.0,1.0,0.0,1.0,6,452,463
558,601053,0.0,1.0,1.0,0.0,0.0,1.0,0.0,1.0,7,463,539
559,601053,0.0,1.0,1.0,0.0,0.0,1.0,0.0,1.0,8,539,562
560,601053,0.0,1.0,1.0,0.0,0.0,1.0,0.0,1.0,9,562,571
561,601540,1.0,1.0,1.0,0.0,0.0,0.75,0.0,1.0,3,519,532
562,601540,1.0,1.0,1.0,0.0,0.0,0.75,0.0,1.0,4,532,541
563,601540,1.0,1.0,1.0,0.0,0.0,0.75,0.0,1.0,5,541,582
564,601540,1.0,1.0,1.0,0.0,0.0,0.75,0.0,1.0,6,582,634
565,601540,1.0,1.0,1.0,0.0,0.0,0.75,0.0,1.0,7,634,631
566,601540,1.0,1.0,1.0,0.0,0.0,0.75,0.0,1.0,8,631,648
567,602494,0.0,1.0,1.0,0.0,0.0,0.666666667,0.0,0.916666667,3,491,546
568,602494,0.0,1.0,1.0,0.0,0.0,0.666666667,0.0,0.916666667,4,546,488
569,602494,0.0,1.0,1.0,0.0,0.0,0.666666667,0.0,0.916666667,5,488,506
570,602494,0.0,1.0,1.0,0.0,0.0,0.666666667,0.0,0.916666667,6,506,559
571,602494,0.0,1.0,1.0,0.0,0.0,0.666666667,0.0,0.916666667,7,559,547
572,602494,0.0,1.0,1.0,0.0,0.0,0.666666667,0.0,0.916666667,8,547,606
573,602494,0.0,1.0,1.0,0.0,0.0,0.666666667,0.0,0.916666667,9,606,642
574,602693,1.0,1.0,0.0,0.0,0.0,0.666666667,0.0,1.0,4,421,443
575,602693,1.0,1.0,0.0,0.0,0.0,0.666666667,0.0,1.0,5,443,519
576,602693,1.0,1.0,0.0,0.0,0.0,0.666666667,0.0,1.0,6,519,475
577,602693,1.0,1.0,0.0,0.0,0.0,0.666666667,0.0,1.0,7,475,559
578,602693,1.0,1.0,0.0,0.0,0.0,0.666666667,0.0,1.0,8,559,560
579,603240,1.0,1.0,0.0,1.0,0.0,0.333333333,0.0,1.0,3,495,534
580,603240,1.0,1.0,0.0,1.0,0.0,0.333333333,0.0,1.0,4,534,577
581,603240,1.0,1.0,0.0,1.0,0.0,0.333333333,0.0,1.0,5,577,585
582,603240,1.0,1.0,0.0,1.0,0.0,0.333333333,0.0,1.0,6,585,586
583,603240,1.0,1.0,0.0,1.0,0.0,0.333333333,0.0,1.0,7,586,627
584,603664,0.0,1.0,0.0,0.0,0.0,0.923076923,0.0,0.923076923,3,462,438
585,603664,0.0,1.0,0.0,0.0,0.0,0.923076923,0.0,0.923076923,4,438,374
586,603664,0.0,1.0,0.0,0.0,0.0,0.923076923,0.0,0.923076923,5,374,500
587,603664,0.0,1.0,0.0,0.0,0.0,0.923076923,0.0,0.923076923,6,500,531
588,603664,0.0,1.0,0.0,0.0,0.0,0.923076923,0.0,0.923076923,7,531,567
589,603664,0.0,1.0,0.0,0.0,0.0,0.923076923,0.0,0.923076923,8,567,606
590,603664,0.0,1.0,0.0,0.0,0.0,0.923076923,0.0,0.923076923,9,606,652
591,603792,0.0,0.0,0.0,1.0,0.0,0.818181818,0.0,0.909090909,3,399,462
592,603792,0.0,0.0,0.0,1.0,0.0,0.818181818,0.0,0.909090909,4,462,417
593,603792,0.0,0.0,0.0,1.0,0.0,0.818181818,0.0,0.909090909,5,417,505
594,603792,0.0,0.0,0.0,1.0,0.0,0.818181818,0.0,0.909090909,6,505,504
595,603792,0.0,0.0,0.0,1.0,0.0,0.818181818,0.0,0.909090909,7,504,502
596,604312,1.0,1.0,0.0,0.0,0.0,0.0,0.4,0.0,3,578,582
597,604312,1.0,1.0,0.0,0.0,0.0,0.0,0.4,0.0,4,582,621
598,604312,1.0,1.0,0.0,0.0,0.0,0.0,0.4,0.0,5,621,620
599,604312,1.0,1.0,0.0,0.0,0.0,0.0,0.4,0.0,6,620,657
600,604312,1.0,1.0,0.0,0.0,0.0,0.0,0.4,0.0,9,686,668
601,606402,1.0,1.0,1.0,0.0,0.0,0.0,0.0,1.0,3,420,533
602,606402,1.0,1.0,1.0,0.0,0.0,0.0,0.0,1.0,4,533,557
603,606402,1.0,1.0,1.0,0.0,0.0,0.0,0.0,1.0,5,557,590
604,606402,1.0,1.0,1.0,0.0,0.0,0.0,0.0,1.0,6,590,593
605,606402,1.0,1.0,1.0,0.0,0.0,0.0,0.0,1.0,7,593,626
606,606402,1.0,1.0,1.0,0.0,0.0,0.0,0.0,1.0,8,626,634
609,609381,0.0,0.0,0.0,0.0,0.0,0.846153846,0.7692307690000001,0.0,3,554,544
610,609381,0.0,0.0,0.0,0.0,0.0,0.846153846,0.7692307690000001,0.0,4,544,607
611,609381,0.0,0.0,0.0,0.0,0.0,0.846153846,0.7692307690000001,0.0,5,607,618
612,609381,0.0,0.0,0.0,0.0,0.0,0.846153846,0.7692307690000001,0.0,6,618,625
613,609381,0.0,0.0,0.0,0.0,0.0,0.846153846,0.7692307690000001,0.0,7,625,653
614,609381,0.0,0.0,0.0,0.0,0.0,0.846153846,0.7692307690000001,0.0,8,653,686
615,609381,0.0,0.0,0.0,0.0,0.0,0.846153846,0.7692307690000001,0.0,9,686,662
616,610397,1.0,1.0,0.0,0.0,0.0,0.928571429,0.0,0.7142857140000001,4,593,604
617,610397,1.0,1.0,0.0,0.0,0.0,0.928571429,0.0,0.7142857140000001,5,604,634
618,610397,1.0,1.0,0.0,0.0,0.0,0.928571429,0.0,0.7142857140000001,6,634,666
619,610397,1.0,1.0,0.0,0.0,0.0,0.928571429,0.0,0.7142857140000001,7,666,652
620,610397,1.0,1.0,0.0,0.0,0.0,0.928571429,0.0,0.7142857140000001,8,652,672
621,610397,1.0,1.0,0.0,0.0,0.0,0.928571429,0.0,0.7142857140000001,9,672,738
622,610671,0.0,1.0,0.0,0.0,0.0,0.933333333,0.0,0.666666667,3,413,525
623,610671,0.0,1.0,0.0,0.0,0.0,0.933333333,0.0,0.666666667,4,525,574
624,610671,0.0,1.0,0.0,0.0,0.0,0.933333333,0.0,0.666666667,5,574,582
625,610671,0.0,1.0,0.0,0.0,0.0,0.933333333,0.0,0.666666667,6,582,591
626,610671,0.0,1.0,0.0,0.0,0.0,0.933333333,0.0,0.666666667,7,591,622
627,610671,0.0,1.0,0.0,0.0,0.0,0.933333333,0.0,0.666666667,8,622,604
628,610701,0.0,1.0,0.0,0.0,0.0,1.0,0.0,0.857142857,3,509,589
629,610701,0.0,1.0,0.0,0.0,0.0,1.0,0.0,0.857142857,4,589,579
630,610701,0.0,1.0,0.0,0.0,0.0,1.0,0.0,0.857142857,5,579,607
631,610701,0.0,1.0,0.0,0.0,0.0,1.0,0.0,0.857142857,6,607,608
632,610701,0.0,1.0,0.0,0.0,0.0,1.0,0.0,0.857142857,7,608,666
633,610701,0.0,1.0,0.0,0.0,0.0,1.0,0.0,0.857142857,8,666,649
634,610701,0.0,1.0,0.0,0.0,0.0,1.0,0.0,0.857142857,9,649,690
635,611292,1.0,1.0,1.0,0.0,0.0,0.8,0.0,1.0,3,463,399
636,611292,1.0,1.0,1.0,0.0,0.0,0.8,0.0,1.0,4,399,494
637,611292,1.0,1.0,1.0,0.0,0.0,0.8,0.0,1.0,5,494,461
638,611292,1.0,1.0,1.0,0.0,0.0,0.8,0.0,1.0,6,461,535
639,611292,1.0,1.0,1.0,0.0,0.0,0.8,0.0,1.0,7,535,545
640,611292,1.0,1.0,1.0,0.0,0.0,0.8,0.0,1.0,8,545,593
641,611442,0.0,1.0,0.0,0.0,0.0,1.0,0.0,0.666666667,3,418,536
642,611442,0.0,1.0,0.0,0.0,0.0,1.0,0.0,0.666666667,4,536,498
643,613215,0.0,1.0,1.0,0.0,0.0,0.846153846,0.0,1.0,3,150,395
644,613215,0.0,1.0,1.0,0.0,0.0,0.846153846,0.0,1.0,4,395,446
645,613215,0.0,1.0,1.0,0.0,0.0,0.846153846,0.0,1.0,5,446,260
646,613215,0.0,1.0,1.0,0.0,0.0,0.846153846,0.0,1.0,6,260,414
647,613215,0.0,1.0,1.0,0.0,0.0,0.846153846,0.0,1.0,7,414,330
648,613215,0.0,1.0,1.0,0.0,0.0,0.846153846,0.0,1.0,8,330,572
649,615745,1.0,1.0,0.0,0.0,0.222222222,0.0,0.666666667,0.0,3,655,628
650,615745,1.0,1.0,0.0,0.0,0.222222222,0.0,0.666666667,0.0,4,628,655
651,615745,1.0,1.0,0.0,0.0,0.222222222,0.0,0.666666667,0.0,5,655,685
652,615745,1.0,1.0,0.0,0.0,0.222222222,0.0,0.666666667,0.0,6,685,695
653,615745,1.0,1.0,0.0,0.0,0.222222222,0.0,0.666666667,0.0,7,695,725
657,616571,1.0,1.0,1.0,0.0,0.0,0.0,0.538461538,0.461538462,3,582,642
658,616571,1.0,1.0,1.0,0.0,0.0,0.0,0.538461538,0.461538462,4,642,672
659,616571,1.0,1.0,1.0,0.0,0.0,0.0,0.538461538,0.461538462,5,672,688
660,616571,1.0,1.0,1.0,0.0,0.0,0.0,0.538461538,0.461538462,6,688,682
661,617079,1.0,1.0,0.0,0.0,0.846153846,0.0,0.615384615,0.230769231,3,615,636
662,617079,1.0,1.0,0.0,0.0,0.846153846,0.0,0.615384615,0.230769231,4,636,720
663,617079,1.0,1.0,0.0,0.0,0.846153846,0.0,0.615384615,0.230769231,5,720,673
664,617079,1.0,1.0,0.0,0.0,0.846153846,0.0,0.615384615,0.230769231,6,673,696
665,617079,1.0,1.0,0.0,0.0,0.846153846,0.0,0.615384615,0.230769231,7,696,719
666,618256,1.0,0.0,1.0,0.0,0.0,0.7857142859999999,0.571428571,0.428571429,3,555,574
667,618256,1.0,0.0,1.0,0.0,0.0,0.7857142859999999,0.571428571,0.428571429,4,574,584
668,618256,1.0,0.0,1.0,0.0,0.0,0.7857142859999999,0.571428571,0.428571429,5,584,640
669,618256,1.0,0.0,1.0,0.0,0.0,0.7857142859999999,0.571428571,0.428571429,6,640,628
670,618256,1.0,0.0,1.0,0.0,0.0,0.7857142859999999,0.571428571,0.428571429,7,628,641
671,618824,0.0,1.0,1.0,0.0,0.0,1.0,0.0,0.909090909,3,336,401
672,618824,0.0,1.0,1.0,0.0,0.0,1.0,0.0,0.909090909,4,401,433
673,618824,0.0,1.0,1.0,0.0,0.0,1.0,0.0,0.909090909,5,433,472
674,618824,0.0,1.0,1.0,0.0,0.0,1.0,0.0,0.909090909,6,472,525
675,618824,0.0,1.0,1.0,0.0,0.0,1.0,0.0,0.909090909,7,525,581
676,618824,0.0,1.0,1.0,0.0,0.0,1.0,0.0,0.909090909,8,581,574
677,618824,0.0,1.0,1.0,0.0,0.0,1.0,0.0,0.909090909,9,574,605
678,619160,1.0,0.0,0.0,0.0,0.0,0.928571429,0.35714285700000004,0.0,3,545,589
679,619160,1.0,0.0,0.0,0.0,0.0,0.928571429,0.35714285700000004,0.0,6,561,573
680,619160,1.0,0.0,0.0,0.0,0.0,0.928571429,0.35714285700000004,0.0,7,573,596
681,619160,1.0,0.0,0.0,0.0,0.0,0.928571429,0.35714285700000004,0.0,8,596,619
682,619464,1.0,1.0,1.0,0.0,0.7142857140000001,0.0,0.28571428600000004,0.642857143,3,612,633
683,619464,1.0,1.0,1.0,0.0,0.7142857140000001,0.0,0.28571428600000004,0.642857143,4,633,710
684,619464,1.0,1.0,1.0,0.0,0.7142857140000001,0.0,0.28571428600000004,0.642857143,5,710,694
685,619464,1.0,1.0,1.0,0.0,0.7142857140000001,0.0,0.28571428600000004,0.642857143,6,694,755
686,619464,1.0,1.0,1.0,0.0,0.7142857140000001,0.0,0.28571428600000004,0.642857143,7,755,714
687,619464,1.0,1.0,1.0,0.0,0.7142857140000001,0.0,0.28571428600000004,0.642857143,8,714,698
688,620764,0.0,0.0,0.0,0.0,0.0,1.0,0.7142857140000001,0.428571429,4,471,522
689,620764,0.0,0.0,0.0,0.0,0.0,1.0,0.7142857140000001,0.428571429,5,522,556
690,620764,0.0,0.0,0.0,0.0,0.0,1.0,0.7142857140000001,0.428571429,6,556,561
691,620764,0.0,0.0,0.0,0.0,0.0,1.0,0.7142857140000001,0.428571429,7,561,584
692,620764,0.0,0.0,0.0,0.0,0.0,1.0,0.7142857140000001,0.428571429,8,584,650
693,620808,0.0,1.0,0.0,0.0,0.0,0.7857142859999999,0.0,0.928571429,4,446,491
694,620808,0.0,1.0,0.0,0.0,0.0,0.7857142859999999,0.0,0.928571429,5,491,520
695,620808,0.0,1.0,0.0,0.0,0.0,0.7857142859999999,0.0,0.928571429,6,520,528
696,620808,0.0,1.0,0.0,0.0,0.0,0.7857142859999999,0.0,0.928571429,7,528,554
697,620808,0.0,1.0,0.0,0.0,0.0,0.7857142859999999,0.0,0.928571429,8,554,575
698,620898,0.0,0.0,0.0,0.0,0.0,1.0,0.0,0.928571429,3,150,180
699,620898,0.0,0.0,0.0,0.0,0.0,1.0,0.0,0.928571429,4,180,435
700,620898,0.0,0.0,0.0,0.0,0.0,1.0,0.0,0.928571429,5,435,428
701,620898,0.0,0.0,0.0,0.0,0.0,1.0,0.0,0.928571429,6,428,300
702,621399,0.0,1.0,1.0,0.0,0.0,0.7692307690000001,0.0,1.0,3,449,510
703,621399,0.0,1.0,1.0,0.0,0.0,0.7692307690000001,0.0,1.0,4,510,564
704,621399,0.0,1.0,1.0,0.0,0.0,0.7692307690000001,0.0,1.0,5,564,560
705,621399,0.0,1.0,1.0,0.0,0.0,0.7692307690000001,0.0,1.0,6,560,562
706,621399,0.0,1.0,1.0,0.0,0.0,0.7692307690000001,0.0,1.0,7,562,603
707,622143,0.0,0.0,0.0,0.0,0.0,0.7142857140000001,0.7857142859999999,0.0,3,540,547
708,622143,0.0,0.0,0.0,0.0,0.0,0.7142857140000001,0.7857142859999999,0.0,4,547,579
709,622143,0.0,0.0,0.0,0.0,0.0,0.7142857140000001,0.7857142859999999,0.0,5,579,635
710,622143,0.0,0.0,0.0,0.0,0.0,0.7142857140000001,0.7857142859999999,0.0,6,635,595
711,622143,0.0,0.0,0.0,0.0,0.0,0.7142857140000001,0.7857142859999999,0.0,7,595,608
712,622143,0.0,0.0,0.0,0.0,0.0,0.7142857140000001,0.7857142859999999,0.0,8,608,636
713,622143,0.0,0.0,0.0,0.0,0.0,0.7142857140000001,0.7857142859999999,0.0,9,636,668
714,622893,1.0,0.0,0.0,0.0,0.0,1.0,0.0,0.35714285700000004,3,413,408
715,622893,1.0,0.0,0.0,0.0,0.0,1.0,0.0,0.35714285700000004,4,408,371
716,622893,1.0,0.0,0.0,0.0,0.0,1.0,0.0,0.35714285700000004,5,371,260
717,622893,1.0,0.0,0.0,0.0,0.0,1.0,0.0,0.35714285700000004,6,260,452
718,622893,1.0,0.0,0.0,0.0,0.0,1.0,0.0,0.35714285700000004,7,452,517
719,622893,1.0,0.0,0.0,0.0,0.0,1.0,0.0,0.35714285700000004,8,517,588
726,624325,0.0,0.0,0.0,0.0,0.0,1.0,0.0,0.727272727,3,392,497
727,624325,0.0,0.0,0.0,0.0,0.0,1.0,0.0,0.727272727,4,497,437
728,624325,0.0,0.0,0.0,0.0,0.0,1.0,0.0,0.727272727,5,437,516
729,624325,0.0,0.0,0.0,0.0,0.0,1.0,0.0,0.727272727,6,516,479
730,624325,0.0,0.0,0.0,0.0,0.0,1.0,0.0,0.727272727,7,479,563
731,624325,0.0,0.0,0.0,0.0,0.0,1.0,0.0,0.727272727,8,563,595
732,624325,0.0,0.0,0.0,0.0,0.0,1.0,0.0,0.727272727,9,595,624
734,626165,1.0,1.0,0.0,0.0,0.0,0.928571429,0.0,0.928571429,3,487,504
735,626165,1.0,1.0,0.0,0.0,0.0,0.928571429,0.0,0.928571429,4,504,554
736,626165,1.0,1.0,0.0,0.0,0.0,0.928571429,0.0,0.928571429,5,554,577
737,626165,1.0,1.0,0.0,0.0,0.0,0.928571429,0.0,0.928571429,6,577,550
738,626165,1.0,1.0,0.0,0.0,0.0,0.928571429,0.0,0.928571429,7,550,596
739,626165,1.0,1.0,0.0,0.0,0.0,0.928571429,0.0,0.928571429,8,596,580
740,626267,0.0,1.0,0.0,0.0,0.0,1.0,0.0,0.833333333,3,377,497
741,626267,0.0,1.0,0.0,0.0,0.0,1.0,0.0,0.833333333,4,497,466
742,626267,0.0,1.0,0.0,0.0,0.0,1.0,0.0,0.833333333,5,466,530
743,626267,0.0,1.0,0.0,0.0,0.0,1.0,0.0,0.833333333,6,530,560
744,626267,0.0,1.0,0.0,0.0,0.0,1.0,0.0,0.833333333,7,560,601
745,626267,0.0,1.0,0.0,0.0,0.0,1.0,0.0,0.833333333,8,601,616
746,626267,0.0,1.0,0.0,0.0,0.0,1.0,0.0,0.833333333,9,616,636
749,627364,0.0,1.0,1.0,0.0,0.0,1.0,0.0,1.0,3,361,465
750,627364,0.0,1.0,1.0,0.0,0.0,1.0,0.0,1.0,4,465,424
751,628925,1.0,1.0,0.0,0.0,0.0,1.0,0.0,0.0,3,438,481
752,628925,1.0,1.0,0.0,0.0,0.0,1.0,0.0,0.0,4,481,486
753,628925,1.0,1.0,0.0,0.0,0.0,1.0,0.0,0.0,5,486,530
754,628925,1.0,1.0,0.0,0.0,0.0,1.0,0.0,0.0,6,530,526
755,628925,1.0,1.0,0.0,0.0,0.0,1.0,0.0,0.0,7,526,567
756,628925,1.0,1.0,0.0,0.0,0.0,1.0,0.0,0.0,8,567,580
757,628925,1.0,1.0,0.0,0.0,0.0,1.0,0.0,0.0,9,580,591
758,630031,0.0,1.0,1.0,0.0,0.0,0.7142857140000001,0.0,1.0,3,489,553
759,630031,0.0,1.0,1.0,0.0,0.0,0.7142857140000001,0.0,1.0,4,553,559
760,630031,0.0,1.0,1.0,0.0,0.0,0.7142857140000001,0.0,1.0,5,559,544
761,631014,1.0,1.0,1.0,0.0,0.0,0.666666667,0.166666667,0.0,7,566,590
762,631014,1.0,1.0,1.0,0.0,0.0,0.666666667,0.166666667,0.0,8,590,621
763,631014,1.0,1.0,1.0,0.0,0.0,0.666666667,0.166666667,0.0,9,621,642
768,632363,1.0,1.0,1.0,0.0,0.307692308,0.923076923,0.0,1.0,3,390,512
769,632363,1.0,1.0,1.0,0.0,0.307692308,0.923076923,0.0,1.0,4,512,488
770,632363,1.0,1.0,1.0,0.0,0.307692308,0.923076923,0.0,1.0,5,488,541
771,633590,1.0,1.0,0.0,0.0,0.0,0.5,0.0,0.0,3,587,608
772,633879,0.0,1.0,0.0,0.0,0.0,0.75,0.0,0.25,5,519,570
773,633879,0.0,1.0,0.0,0.0,0.0,0.75,0.0,0.25,6,570,593
774,633879,0.0,1.0,0.0,0.0,0.0,0.75,0.0,0.25,7,593,614
775,635336,0.0,1.0,0.0,0.0,0.0,0.923076923,0.0,0.923076923,3,375,461
776,635336,0.0,1.0,0.0,0.0,0.0,0.923076923,0.0,0.923076923,4,461,430
777,635336,0.0,1.0,0.0,0.0,0.0,0.923076923,0.0,0.923076923,5,430,260
778,635336,0.0,1.0,0.0,0.0,0.0,0.923076923,0.0,0.923076923,6,260,511
779,635336,0.0,1.0,0.0,0.0,0.0,0.923076923,0.0,0.923076923,7,511,512
780,635692,1.0,1.0,1.0,0.0,0.0,0.818181818,0.0,1.0,3,408,463
781,635692,1.0,1.0,1.0,0.0,0.0,0.818181818,0.0,1.0,4,463,471
782,635692,1.0,1.0,1.0,0.0,0.0,0.818181818,0.0,1.0,5,471,515
783,636657,1.0,0.0,0.0,0.0,0.0,0.5,0.25,0.75,9,641,669
784,636934,0.0,1.0,0.0,0.0,0.0,0.923076923,0.0,0.7692307690000001,3,417,507
785,636934,0.0,1.0,0.0,0.0,0.0,0.923076923,0.0,0.7692307690000001,4,507,500
786,636934,0.0,1.0,0.0,0.0,0.0,0.923076923,0.0,0.7692307690000001,5,500,534
787,636934,0.0,1.0,0.0,0.0,0.0,0.923076923,0.0,0.7692307690000001,6,534,614
788,636934,0.0,1.0,0.0,0.0,0.0,0.923076923,0.0,0.7692307690000001,7,614,581
789,637106,1.0,1.0,0.0,0.0,0.0,0.230769231,0.0,1.0,3,534,565
794,638120,0.0,1.0,0.0,0.0,0.0,0.909090909,0.181818182,0.727272727,3,519,562
795,638120,0.0,1.0,0.0,0.0,0.0,0.909090909,0.181818182,0.727272727,4,562,581
796,638120,0.0,1.0,0.0,0.0,0.0,0.909090909,0.181818182,0.727272727,5,581,623
797,638120,0.0,1.0,0.0,0.0,0.0,0.909090909,0.181818182,0.727272727,6,623,641
798,638120,0.0,1.0,0.0,0.0,0.0,0.909090909,0.181818182,0.727272727,7,641,651
802,642078,1.0,1.0,1.0,0.0,0.0,1.0,0.0,0.833333333,4,527,455
803,642078,1.0,1.0,1.0,0.0,0.0,1.0,0.0,0.833333333,5,455,387
804,642078,1.0,1.0,1.0,0.0,0.0,1.0,0.0,0.833333333,6,387,492
805,642078,1.0,1.0,1.0,0.0,0.0,1.0,0.0,0.833333333,7,492,445
813,642712,1.0,0.0,0.0,0.0,0.545454545,0.181818182,0.272727273,0.727272727,3,565,602
814,642712,1.0,0.0,0.0,0.0,0.545454545,0.181818182,0.272727273,0.727272727,4,602,675
815,642712,1.0,0.0,0.0,0.0,0.545454545,0.181818182,0.272727273,0.727272727,5,675,666
816,642712,1.0,0.0,0.0,0.0,0.545454545,0.181818182,0.272727273,0.727272727,6,666,682
817,644763,1.0,1.0,0.0,0.0,0.0,1.0,0.076923077,0.615384615,3,470,512
818,644763,1.0,1.0,0.0,0.0,0.0,1.0,0.076923077,0.615384615,4,512,528
819,644763,1.0,1.0,0.0,0.0,0.0,1.0,0.076923077,0.615384615,5,528,526
820,644763,1.0,1.0,0.0,0.0,0.0,1.0,0.076923077,0.615384615,6,526,560
821,644763,1.0,1.0,0.0,0.0,0.0,1.0,0.076923077,0.615384615,7,560,555
822,644763,1.0,1.0,0.0,0.0,0.0,1.0,0.076923077,0.615384615,8,555,591
823,646520,1.0,1.0,1.0,0.0,0.0,0.916666667,0.0,1.0,3,322,449
824,646520,1.0,1.0,1.0,0.0,0.0,0.916666667,0.0,1.0,4,449,484
825,646520,1.0,1.0,1.0,0.0,0.0,0.916666667,0.0,1.0,5,484,537
826,646520,1.0,1.0,1.0,0.0,0.0,0.916666667,0.0,1.0,6,537,552
831,648174,0.0,0.0,0.0,0.0,0.0,1.0,0.0,0.75,3,487,486
832,648174,0.0,0.0,0.0,0.0,0.0,1.0,0.0,0.75,4,486,466
833,648174,0.0,0.0,0.0,0.0,0.0,1.0,0.0,0.75,5,466,548
834,648174,0.0,0.0,0.0,0.0,0.0,1.0,0.0,0.75,6,548,576
835,648907,1.0,1.0,1.0,0.0,0.0,1.0,0.0,1.0,3,459,442
836,648907,1.0,1.0,1.0,0.0,0.0,1.0,0.0,1.0,4,442,524
837,648907,1.0,1.0,1.0,0.0,0.0,1.0,0.0,1.0,5,524,526
838,648907,1.0,1.0,1.0,0.0,0.0,1.0,0.0,1.0,6,526,533
839,649562,1.0,1.0,0.0,0.0,0.0,0.8888888890000001,0.0,0.8888888890000001,4,497,550
840,649562,1.0,1.0,0.0,0.0,0.0,0.8888888890000001,0.0,0.8888888890000001,5,550,579
841,649937,1.0,0.0,0.0,0.0,1.0,0.833333333,0.833333333,0.0,3,625,661
842,649937,1.0,0.0,0.0,0.0,1.0,0.833333333,0.833333333,0.0,4,661,669
843,650269,0.0,0.0,0.0,0.0,0.0,1.0,0.4166666670000001,0.583333333,4,470,546
844,650269,0.0,0.0,0.0,0.0,0.0,1.0,0.4166666670000001,0.583333333,5,546,587
845,650269,0.0,0.0,0.0,0.0,0.0,1.0,0.4166666670000001,0.583333333,6,587,600
855,652614,0.0,1.0,0.0,0.0,0.583333333,1.0,0.166666667,0.0,3,527,578
856,652614,0.0,1.0,0.0,0.0,0.583333333,1.0,0.166666667,0.0,4,578,608
857,652614,0.0,1.0,0.0,0.0,0.583333333,1.0,0.166666667,0.0,5,608,629
858,652614,0.0,1.0,0.0,0.0,0.583333333,1.0,0.166666667,0.0,6,629,673
859,652614,0.0,1.0,0.0,0.0,0.583333333,1.0,0.166666667,0.0,7,673,654
860,653118,1.0,1.0,1.0,0.0,0.0,1.0,0.0,0.916666667,3,457,545
861,653118,1.0,1.0,1.0,0.0,0.0,1.0,0.0,0.916666667,4,545,584
862,653118,1.0,1.0,1.0,0.0,0.0,1.0,0.0,0.916666667,5,584,575
863,653118,1.0,1.0,1.0,0.0,0.0,1.0,0.0,0.916666667,6,575,606
864,653118,1.0,1.0,1.0,0.0,0.0,1.0,0.0,0.916666667,7,606,644
865,653601,1.0,1.0,0.0,0.0,0.5,0.166666667,0.083333333,0.916666667,3,586,618
866,653601,1.0,1.0,0.0,0.0,0.5,0.166666667,0.083333333,0.916666667,4,618,642
867,653601,1.0,1.0,0.0,0.0,0.5,0.166666667,0.083333333,0.916666667,5,642,676
868,654531,1.0,1.0,0.0,1.0,0.0,1.0,0.0,1.0,3,497,537
869,654531,1.0,1.0,0.0,1.0,0.0,1.0,0.0,1.0,4,537,529
870,656592,1.0,1.0,0.0,0.0,0.0,1.0,0.0,0.0,3,514,593
871,656592,1.0,1.0,0.0,0.0,0.0,1.0,0.0,0.0,4,593,597
872,656592,1.0,1.0,0.0,0.0,0.0,1.0,0.0,0.0,5,597,593
873,657414,1.0,0.0,0.0,0.0,0.583333333,0.0,0.833333333,0.0,3,520,597
874,657414,1.0,0.0,0.0,0.0,0.583333333,0.0,0.833333333,0.0,4,597,649
875,657414,1.0,0.0,0.0,0.0,0.583333333,0.0,0.833333333,0.0,5,649,660
876,657414,1.0,0.0,0.0,0.0,0.583333333,0.0,0.833333333,0.0,6,660,667
877,657414,1.0,0.0,0.0,0.0,0.583333333,0.0,0.833333333,0.0,7,667,673
878,658192,1.0,1.0,0.0,1.0,0.0,1.0,0.0,1.0,3,464,494
879,658192,1.0,1.0,0.0,1.0,0.0,1.0,0.0,1.0,4,494,526
880,658675,0.0,1.0,0.0,0.0,0.0,1.0,0.25,0.0,3,526,532
881,658675,0.0,1.0,0.0,0.0,0.0,1.0,0.25,0.0,4,532,547
882,658675,0.0,1.0,0.0,0.0,0.0,1.0,0.25,0.0,5,547,569
883,658675,0.0,1.0,0.0,0.0,0.0,1.0,0.25,0.0,6,569,551
890,659526,1.0,1.0,1.0,0.0,0.0,0.8,0.0,0.9,5,533,598
891,659526,1.0,1.0,1.0,0.0,0.0,0.8,0.0,0.9,6,598,634
892,659526,1.0,1.0,1.0,0.0,0.0,0.8,0.0,0.9,7,634,652
893,659526,1.0,1.0,1.0,0.0,0.0,0.8,0.0,0.9,8,652,617
894,659526,1.0,1.0,1.0,0.0,0.0,0.8,0.0,0.9,9,617,702
899,663916,1.0,1.0,0.0,0.0,0.636363636,0.545454545,0.636363636,0.181818182,3,594,637
900,663916,1.0,1.0,0.0,0.0,0.636363636,0.545454545,0.636363636,0.181818182,4,637,672
901,663916,1.0,1.0,0.0,0.0,0.636363636,0.545454545,0.636363636,0.181818182,5,672,648
902,663916,1.0,1.0,0.0,0.0,0.636363636,0.545454545,0.636363636,0.181818182,6,648,687
903,664102,1.0,0.0,0.0,0.0,0.0,1.0,0.0,1.0,3,420,493
904,664102,1.0,0.0,0.0,0.0,0.0,1.0,0.0,1.0,4,493,472
905,664102,1.0,0.0,0.0,0.0,0.0,1.0,0.0,1.0,5,472,554
906,664102,1.0,0.0,0.0,0.0,0.0,1.0,0.0,1.0,6,554,496
907,664315,0.0,0.0,0.0,0.0,0.0,1.0,0.0,0.6,3,441,524
908,664396,1.0,1.0,0.0,0.0,0.0,1.0,0.0,0.9,3,419,458
909,664396,1.0,1.0,0.0,0.0,0.0,1.0,0.0,0.9,4,458,432
910,664396,1.0,1.0,0.0,0.0,0.0,1.0,0.0,0.9,5,432,459
911,664859,0.0,1.0,1.0,0.0,0.0,1.0,0.0,1.0,3,456,504
912,664859,0.0,1.0,1.0,0.0,0.0,1.0,0.0,1.0,4,504,563
913,664973,1.0,0.0,0.0,0.0,0.5555555560000001,0.0,0.444444444,0.222222222,3,635,616
914,664973,1.0,0.0,0.0,0.0,0.5555555560000001,0.0,0.444444444,0.222222222,4,616,675
915,668529,1.0,1.0,0.0,0.0,0.454545455,0.0,0.181818182,0.0,3,604,670
916,668529,1.0,1.0,0.0,0.0,0.454545455,0.0,0.181818182,0.0,4,670,692
917,668529,1.0,1.0,0.0,0.0,0.454545455,0.0,0.181818182,0.0,5,692,705
918,669114,1.0,1.0,1.0,0.0,0.0,1.0,0.0,1.0,3,150,415
919,669593,0.0,1.0,0.0,0.0,0.0,1.0,0.0,0.818181818,4,509,534
920,669593,0.0,1.0,0.0,0.0,0.0,1.0,0.0,0.818181818,5,534,606
926,670279,1.0,1.0,0.0,0.0,0.454545455,0.727272727,0.0,1.0,3,614,686
927,670279,1.0,1.0,0.0,0.0,0.454545455,0.727272727,0.0,1.0,4,686,682
928,671875,1.0,0.0,0.0,0.0,0.0,0.0,0.0,0.0,3,553,583
929,671875,1.0,0.0,0.0,0.0,0.0,0.0,0.0,0.0,4,583,591
930,671875,1.0,0.0,0.0,0.0,0.0,0.0,0.0,0.0,5,591,616
931,671875,1.0,0.0,0.0,0.0,0.0,0.0,0.0,0.0,6,616,607
932,671888,0.0,1.0,0.0,0.0,0.0,0.909090909,0.0,1.0,3,380,455
933,671888,0.0,1.0,0.0,0.0,0.0,0.909090909,0.0,1.0,4,455,419
934,671941,0.0,1.0,1.0,0.0,0.454545455,0.909090909,0.181818182,0.818181818,3,600,598
935,671941,0.0,1.0,1.0,0.0,0.454545455,0.909090909,0.181818182,0.818181818,4,598,649
936,672375,1.0,1.0,0.0,0.0,0.0,0.090909091,0.090909091,0.272727273,3,535,586
937,672375,1.0,1.0,0.0,0.0,0.0,0.090909091,0.090909091,0.272727273,4,586,592
938,672375,1.0,1.0,0.0,0.0,0.0,0.090909091,0.090909091,0.272727273,5,592,634
939,672418,1.0,1.0,1.0,0.0,0.0,0.7777777779999999,0.0,0.8888888890000001,3,370,504
940,672418,1.0,1.0,1.0,0.0,0.0,0.7777777779999999,0.0,0.8888888890000001,4,504,541
941,672418,1.0,1.0,1.0,0.0,0.0,0.7777777779999999,0.0,0.8888888890000001,5,541,570
942,672737,1.0,0.0,0.0,0.0,0.0,0.8888888890000001,0.222222222,0.0,3,447,489
943,672737,1.0,0.0,0.0,0.0,0.0,0.8888888890000001,0.222222222,0.0,4,489,523
944,679477,1.0,1.0,1.0,0.0,0.0,0.0,0.0,0.833333333,3,471,530
945,680329,0.0,1.0,0.0,0.0,0.0,1.0,0.2,0.0,3,492,544
946,680329,0.0,1.0,0.0,0.0,0.0,1.0,0.2,0.0,4,544,564
947,680329,0.0,1.0,0.0,0.0,0.0,1.0,0.2,0.0,5,564,565
948,680541,0.0,1.0,0.0,0.0,0.0,1.0,0.0,0.666666667,3,494,519
949,681397,1.0,1.0,0.0,0.0,0.0,0.0,0.0,1.0,3,452,355
950,681397,1.0,1.0,0.0,0.0,0.0,0.0,0.0,1.0,4,355,456
955,683295,1.0,0.0,0.0,0.0,0.0,1.0,0.0,0.9,3,480,523
956,683295,1.0,0.0,0.0,0.0,0.0,1.0,0.0,0.9,4,523,548
957,683578,0.0,1.0,0.0,0.0,0.0,1.0,0.2,0.0,3,402,474
958,683578,0.0,1.0,0.0,0.0,0.0,1.0,0.2,0.0,4,474,617
959,684093,1.0,0.0,0.0,0.0,0.3,0.4,0.1,0.0,3,616,626
962,686293,0.0,1.0,0.0,0.0,0.0,1.0,0.0,0.9,3,432,504
963,686293,0.0,1.0,0.0,0.0,0.0,1.0,0.0,0.9,4,504,507
964,687141,1.0,1.0,0.0,0.0,0.6,0.8,0.5,0.0,3,547,591
965,687141,1.0,1.0,0.0,0.0,0.6,0.8,0.5,0.0,4,591,611
966,687141,1.0,1.0,0.0,0.0,0.6,0.8,0.5,0.0,5,611,665
967,687141,1.0,1.0,0.0,0.0,0.6,0.8,0.5,0.0,6,665,699
968,687141,1.0,1.0,0.0,0.0,0.6,0.8,0.5,0.0,7,699,653
973,688961,1.0,1.0,1.0,0.0,0.0,1.0,0.0,1.0,3,361,452
974,689156,1.0,1.0,0.0,0.0,0.0,1.0,0.0,1.0,8,601,620
975,689156,1.0,1.0,0.0,0.0,0.0,1.0,0.0,1.0,9,620,678
976,689905,1.0,1.0,1.0,0.0,0.0,0.9,0.0,1.0,4,511,490
977,689905,1.0,1.0,1.0,0.0,0.0,0.9,0.0,1.0,5,490,260
978,689905,1.0,1.0,1.0,0.0,0.0,0.9,0.0,1.0,6,260,538
979,689905,1.0,1.0,1.0,0.0,0.0,0.9,0.0,1.0,7,538,550
980,689905,1.0,1.0,1.0,0.0,0.0,0.9,0.0,1.0,8,550,605
981,689905,1.0,1.0,1.0,0.0,0.0,0.9,0.0,1.0,9,605,623
986,694630,1.0,1.0,0.0,0.0,0.0,1.0,0.0,1.0,3,413,441
987,694630,1.0,1.0,0.0,0.0,0.0,1.0,0.0,1.0,4,441,453
988,694817,1.0,1.0,1.0,0.0,0.0,0.28571428600000004,0.0,1.0,3,514,566
989,695375,1.0,1.0,0.0,0.0,0.5,1.0,0.625,0.125,3,647,625
990,695375,1.0,1.0,0.0,0.0,0.5,1.0,0.625,0.125,4,625,643
991,695375,1.0,1.0,0.0,0.0,0.5,1.0,0.625,0.125,5,643,662
992,695375,1.0,1.0,0.0,0.0,0.5,1.0,0.625,0.125,6,662,699
993,695593,0.0,1.0,0.0,0.0,0.0,0.9,0.0,0.9,3,207,477
994,695593,0.0,1.0,0.0,0.0,0.0,0.9,0.0,0.9,4,477,487
995,696798,1.0,0.0,0.0,0.0,0.0,1.0,0.0,0.7777777779999999,3,480,584
996,696798,1.0,0.0,0.0,0.0,0.0,1.0,0.0,0.7777777779999999,4,584,591
997,700412,1.0,1.0,0.0,0.0,0.0,0.0,0.0,0.444444444,3,457,553
998,700755,1.0,1.0,0.0,0.0,1.0,0.0,0.25,0.0,3,688,699
999,702495,1.0,0.0,0.0,0.0,0.0,0.0,0.666666667,0.0,3,622,610
1000,702615,1.0,0.0,0.0,0.0,0.5555555560000001,0.7777777779999999,0.0,0.5555555560000001,3,540,598
1001,702615,1.0,0.0,0.0,0.0,0.5555555560000001,0.7777777779999999,0.0,0.5555555560000001,4,598,660
1002,704046,1.0,0.0,0.0,1.0,0.0,1.0,0.0,1.0,3,421,410
1003,704046,1.0,0.0,0.0,1.0,0.0,1.0,0.0,1.0,4,410,473
1013,707151,1.0,1.0,0.0,0.0,0.5555555560000001,0.7777777779999999,0.0,1.0,3,549,601
1014,707151,1.0,1.0,0.0,0.0,0.5555555560000001,0.7777777779999999,0.0,1.0,4,601,649
1015,707151,1.0,1.0,0.0,0.0,0.5555555560000001,0.7777777779999999,0.0,1.0,5,649,678
1016,707151,1.0,1.0,0.0,0.0,0.5555555560000001,0.7777777779999999,0.0,1.0,6,678,654
1017,707151,1.0,1.0,0.0,0.0,0.5555555560000001,0.7777777779999999,0.0,1.0,7,654,680
1020,708370,0.0,0.0,0.0,0.0,0.0,0.8888888890000001,0.333333333,0.333333333,4,488,549
1021,708432,1.0,0.0,0.0,0.0,0.0,0.5,0.0,0.625,5,711,729
1022,708432,1.0,0.0,0.0,0.0,0.0,0.5,0.0,0.625,6,729,719
1023,708432,1.0,0.0,0.0,0.0,0.0,0.5,0.0,0.625,7,719,717
1024,708432,1.0,0.0,0.0,0.0,0.0,0.5,0.0,0.625,8,717,721
1025,708432,1.0,0.0,0.0,0.0,0.0,0.5,0.0,0.625,9,721,744
1026,708626,1.0,1.0,0.0,0.0,0.0,1.0,0.0,0.75,3,472,513
1027,708626,1.0,1.0,0.0,0.0,0.0,1.0,0.0,0.75,4,513,508
1028,708645,0.0,1.0,1.0,1.0,0.0,1.0,0.0,1.0,3,150,180
1031,709601,1.0,1.0,1.0,0.0,0.0,1.0,0.0,0.8,3,150,384
1032,709601,1.0,1.0,1.0,0.0,0.0,1.0,0.0,0.8,4,384,408
1033,709601,1.0,1.0,1.0,0.0,0.0,1.0,0.0,0.8,5,408,461
1035,710460,1.0,1.0,0.0,0.0,0.0,0.0,0.0,1.0,3,502,607
1036,710514,0.0,1.0,0.0,0.0,0.0,1.0,0.0,0.8888888890000001,3,545,568
1038,711778,1.0,0.0,0.0,0.0,0.0,1.0,0.0,0.7142857140000001,4,180,459
1043,717648,1.0,0.0,0.0,0.0,0.375,1.0,0.25,0.0,3,587,568
1045,718299,1.0,0.0,0.0,0.0,0.0,0.0,0.75,0.0,3,629,634
1046,721898,0.0,0.0,0.0,0.0,0.0,1.0,0.25,0.0,3,462,580
1047,723354,1.0,0.0,0.0,0.0,0.0,0.0,0.25,0.0,9,733,707
1048,724561,1.0,0.0,0.0,1.0,0.0,0.0,0.0,1.0,4,497,220
1049,724561,1.0,0.0,0.0,1.0,0.0,0.0,0.0,1.0,5,220,492
1054,730288,1.0,0.0,0.0,0.0,0.0,0.28571428600000004,0.571428571,0.0,3,545,599
1055,730288,1.0,0.0,0.0,0.0,0.0,0.28571428600000004,0.571428571,0.0,4,599,604
1059,742080,0.0,1.0,0.0,0.0,0.0,1.0,0.0,0.7142857140000001,3,387,507
1060,743004,1.0,1.0,0.0,0.0,0.0,1.0,0.0,0.5,9,562,556
1063,747015,1.0,1.0,1.0,0.0,0.0,1.0,0.0,1.0,3,282,370
1064,747015,1.0,1.0,1.0,0.0,0.0,1.0,0.0,1.0,4,370,220
1065,747015,1.0,1.0,1.0,0.0,0.0,1.0,0.0,1.0,5,220,465
1066,747856,1.0,1.0,0.0,0.0,0.0,0.8,0.0,1.0,5,370,477
1067,747856,1.0,1.0,0.0,0.0,0.0,0.8,0.0,1.0,6,477,448
1068,747856,1.0,1.0,0.0,0.0,0.0,0.8,0.0,1.0,7,448,515
1072,749081,1.0,1.0,0.0,0.0,0.0,1.0,0.0,1.0,4,502,542
1073,749081,1.0,1.0,0.0,0.0,0.0,1.0,0.0,1.0,5,542,525
1074,749081,1.0,1.0,0.0,0.0,0.0,1.0,0.0,1.0,6,525,572
1075,752752,1.0,1.0,1.0,0.0,0.0,0.0,0.0,1.0,5,540,550
1076,753668,1.0,1.0,0.0,0.0,0.0,0.0,0.0,1.0,3,458,514
1077,753668,1.0,1.0,0.0,0.0,0.0,0.0,0.0,1.0,4,514,553
1078,760273,1.0,1.0,0.0,0.0,0.0,0.0,0.0,1.0,8,720,732
1079,760273,1.0,1.0,0.0,0.0,0.0,0.0,0.0,1.0,9,732,728
1080,760904,1.0,1.0,0.0,0.0,0.0,0.0,0.0,1.0,3,555,590
1081,763095,1.0,1.0,0.0,0.0,0.0,0.0,0.75,0.0,3,595,615
1082,763095,1.0,1.0,0.0,0.0,0.0,0.0,0.75,0.0,4,615,634
1085,765581,1.0,1.0,0.0,0.0,0.0,0.0,0.333333333,0.0,6,668,668
1086,775082,0.0,1.0,0.0,0.0,0.0,0.8,0.0,0.8,5,539,482
1087,778109,0.0,0.0,0.0,0.0,0.0,1.0,0.6,0.4,6,565,598
1088,784010,1.0,1.0,0.0,0.0,0.0,1.0,0.0,1.0,8,621,641
